"","V1","V2","V3","V4","V5","V6","V7","V8","V9","V10","V11","V12","V13","V14","V15","V16","V17","V18","V19","V20","V21","V22","V23","V24","V25","V26","V27","V28","V29","V30","V31","V32","V33","V34","V35"
"1",257112,644742,3248,0,0,75577.9999999999,188676,79932,37128,0,817322,604892,3120,0,0,1474968,0,4340,168070,662,341398,35256,0,582358,0,1181068,105882,28830,353028,0,420450,0,0,0,2734
"2",0,0,63192,0,0,17724,0,0,0,7506,0,0,0,0,0,0,0,0,0,105210,6796,0,0,0,0,0,0,0,0,1614,0,4834,0,0,0
"3",0,85338.0000000001,0,0,0,0,0,0,0,0,0,35010,0,0,26600,0,39234,0,0,0,0,4102,0,0,1266,0,0,0,0,0,112542,0,0,50800,0
"4",0,0,253778,0,0,0,0,0,0,0,0,0,0,0,0,47148,70892.0000000001,0,13132,0,0,0,0,0,0,0,0,0,193074,98046,0,0,0,0,196312
"5",3082,27054,47478,0,0,7084,0,0,0,0,9430,0,0,0,0,0,0,0,0,0,30368,0,0,29840,0,0,0,0,0,0,0,316904,0,0,0
"6",0,0,0,0,0,0,0,0,0,0,0,0,0,0,0,43006,0,0,0,0,0,346,0,0,782,1100,0,0,0,0,0,0,0,2152,0
"7",100622,0,0,0,0,0,0,0,0,14702,0,76088.0000000001,22086,0,0,0,0,0,101862,0,0,0,0,0,0,3196,49034,0,0,0,21944,4540,0,0,0
"8",29212,0,0,10158,28618,11046,14094,0,0,0,0,578,3836,0,0,0,0,0,0,3226,40058,0,0,0,0,47578,6774,4312,104002,0,8548,12822,0,0,101348
"9",3814,74661.9999999999,0,0,20618,0,307438,0,0,17552,559200,187270,63956,0,1478982,36418,80129.9999999999,46400,0,0,126872,3626262,0,0,268068,5316,354912,0,0,0,176016,6706,256536,158932,3016
"10",24406,1922156,0,0,0,0,0,0,63456,0,0,0,52284.0000000001,0,0,0,473420,0,8354,0,149948,0,0,0,0,0,0,0,0,0,0,0,0,836936,0
"11",1131976,0,914972,0,0,0,115992,482,0,0,357036,0,0,0,57780,702,47746,159242,0,0,20250,0,0,0,0,4819324,9616,1084932,570150,0,834,350644,21046,430280,0
"12",1350762,0,0,0,0,0,0,0,0,0,0,0,0,0,0,0,0,0,347904,0,0,0,0,0,0,0,0,276696,5600,0,154724,0,0,0,0
"13",0,0,0,0,3810,0,4270,0,582,0,0,0,0,0,0,0,0,216384,0,10752,0,0,17840,0,0,9342,40792,57268,0,0,0,98766,0,64915.9999999999,706028
"14",0,2222,0,0,0,0,0,0,0,0,0,539260,891434.000000001,0,0,0,0,0,0,0,0,0,0,0,12908,0,0,0,3002,0,0,13776,0,0,0
"15",193866,0,0,5880104,0,0,0,847742,0,0,0,0,0,0,0,0,636608,0,0,2387216,0,0,0,0,0,0,5952434,0,0,0,0,0,0,0,72562
"16",69898,0,3682980,0,0,317862,0,0,0,217878,1097706,3859202,154720,0,60786,0,0,45376,362976,0,407564,0,14042,0,296308,1904088,0,0,0,0,1295642,18851426,824229.999999999,0,0
"17",871762,0,0,3894,0,267612,32170,8388,0,7070,177828,0,0,26042,0,12492,0,9098,0,0,0,0,0,0,0,0,0,8566,3870,0,6502,0,36330,0,21638
"18",2085806,0,0,97375.9999999999,0,0,0,0,0,0,0,0,0,0,0,0,0,0,0,0,0,0,0,0,1921812,0,0,0,0,0,0,353328,0,0,1522864
"19",0,0,0,0,0,0,0,0,369844,80170.0000000001,155326,0,0,0,0,0,0,0,0,31286,0,0,171458,86669.9999999999,487852,0,0,0,396110,0,0,0,19336,0,281294
"20",0,0,0,0,0,0,0,0,0,0,0,0,0,3152,0,0,0,127660,0,45896,0,0,0,0,1182,0,1104794,0,0,0,15634,0,0,0,0
"21",0,0,0,24096,0,0,0,0,182646,0,36392,45116,0,50506,0,0,0,0,0,0,39214,0,0,0,0,0,0,0,0,32090,0,0,14114,130180,191292
"22",0,0,0,0,35344,0,22844,0,0,0,0,0,0,0,0,0,0,102266,0,0,0,0,0,0,104070,229528,0,0,0,0,0,0,0,0,0
"23",0,0,3578,0,0,0,0,0,660336,0,0,24860,58972,0,0,0,0,0,0,0,0,8448,0,0,0,0,0,32990,0,0,0,52868,0,0,0
"24",121152,238422,0,433802,1101042,206892,189968,42982,430160,52,607170,352252,1890,203390,13964,0,213574,852262,428068,201804,0,2090,0,478728,714,0,308,425976,0,0,1092878,0,657988,38724,39028
"25",0,0,0,980,1632,0,0,0,0,0,772,0,0,0,0,0,0,0,0,0,0,0,0,0,0,0,0,0,0,0,0,0,0,1008,0
"26",0,0,0,0,0,0,219078,0,0,0,0,968444,24400,0,0,8526,0,0,0,0,0,0,0,389996,61227.9999999999,0,0,0,0,0,0,0,0,0,0
"27",0,0,0,9572,0,12694,0,0,0,0,4022,0,0,7186,0,103890,2800,0,30762,0,0,0,46364,0,0,0,0,0,0,3664,0,0,12242,0,0
"28",0,0,16330,0,0,0,0,0,0,0,0,0,0,854,0,0,0,0,3704,1304,0,4650,0,0,5242,0,0,0,0,0,0,0,0,34622,0
"29",0,413090,0,101354,0,980,0,92868,984,0,0,0,0,0,0,0,0,0,0,0,0,0,0,18876,0,0,0,0,4078,0,0,0,92691.9999999999,112860,0
"30",0,0,0,0,0,3720,1366,0,0,0,0,0,0,0,0,0,0,0,0,0,0,0,0,0,0,0,30810,0,0,0,0,0,2896,0,0
"31",0,0,0,0,0,0,0,0,0,0,0,0,0,0,0,0,0,0,0,0,3596,0,0,0,0,240,0,0,0,0,0,0,0,0,0
"32",0,0,4038,0,17410,5360,0,26600,3166,1388,0,0,1078,3700,0,0,0,5572,8602,0,3178,11156,0,8578,0,0,0,12182,0,8152,4148,9639.99999999999,0,8196,810
"33",0,0,0,72509.9999999999,0,0,0,0,0,0,17752,0,0,0,0,9290,0,0,0,0,0,0,0,0,0,0,0,0,0,0,5404,0,0,0,3458
"34",273010,0,0,0,259230,0,0,0,0,0,0,0,0,0,0,508120,3550,306608,0,0,0,0,843614.000000001,111104,577354,0,0,0,0,0,115578,152278,0,0,0
"35",472,17970,0,0,0,0,0,0,0,0,0,0,0,0,0,6788,0,0,0,0,0,0,0,0,0,0,0,0,8114,0,0,0,7636,0,0
"36",0,0,3586,0,0,11032,558,0,0,0,0,0,0,0,2222,0,0,160,0,0,0,0,0,0,430,0,0,0,0,0,0,0,0,19076,0
"37",0,0,0,0,0,0,5376,0,0,0,0,508,0,13406,9040,0,0,0,0,0,0,0,0,0,0,0,0,0,0,62,0,0,0,0,0
"38",0,0,0,142786,2152,0,221998,0,0,0,0,0,0,0,0,0,0,0,38980,0,0,0,0,3646,0,42458,0,0,0,0,0,0,0,0,0
"39",0,0,0,0,0,0,0,0,0,0,0,0,0,0,0,0,0,0,0,0,0,0,23532,0,0,124830,153362,36906,0,20476,0,0,125098,0,0
"40",13330,20332,0,0,0,0,0,0,0,0,2932,1288,0,3096,0,0,0,992,0,0,0,70342,13096,0,0,0,0,0,0,12492,33266,0,51686.0000000001,0,0
"41",0,0,0,1238,0,0,0,0,0,0,0,0,0,0,58580,0,0,0,0,0,0,0,424,0,0,0,0,0,0,0,0,6714,0,0,0
"42",0,0,0,0,0,0,580,0,0,0,26690,0,0,41038,0,0,0,0,0,0,0,0,31112,0,0,9550,0,3746,3234,0,72026,0,0,0,0
"43",0,0,0,0,0,0,0,0,0,0,0,0,0,0,0,0,0,0,0,0,0,0,0,0,65290,68,0,0,17242,0,0,0,0,0,0
"44",0,0,0,9620,0,0,0,2088,0,1770,3908,0,0,0,0,0,10950,0,0,161518,0,0,0,0,0,0,2310,0,55482.0000000001,0,0,11504,0,0,0
"45",14498,13508,20420,111836,5740,6198,50422,0,0,43700,21296,7966,51322,87098,0,0,6138,35280,0,112262,0,39104,324,0,916480,50204,24444,13066,3194,0,55446,88502,72862,75902,27874
"46",0,0,54994,0,107108,0,6090,20816,0,0,0,0,155318,0,0,0,97482,0,17178,0,0,103952,0,304540,16624,64336,0,0,0,0,150288,28452,20630,0,0
"47",0,0,0,0,0,0,0,0,0,0,0,0,0,678934,0,0,772,0,4106,0,0,0,384,47468,0,0,0,0,0,0,0,3974,0,0,0
"48",1548,0,0,0,1714,470,2116,0,0,1056,6594,2980,700,0,0,0,434,0,0,0,0,2802,0,0,404,0,2708,0,0,0,2656,0,0,0,0
"49",0,0,0,0,0,0,0,224,0,0,0,0,0,0,0,0,0,0,0,0,0,0,3664,0,0,0,0,0,0,0,0,342,0,0,192
"50",10450,6606,0,344,16674,0,5228,3180,8252,0,0,23242,4500,41416,0,18528,8590,0,18016,3510,23572,28800,2002,38338,2814,9656.00000000001,29492,0,43288,712,1878,1754,13338,39882,0
"51",0,0,0,0,9798,0,436,0,0,0,0,0,202,4384,0,0,0,0,0,0,0,0,0,6424,0,48330,0,0,0,0,0,0,0,9010,0
"52",0,0,246,0,0,0,1904,0,0,0,0,0,0,0,0,0,1460,0,0,0,0,0,462,782,0,0,0,0,0,0,1812,0,0,0,0
"53",0,230,0,0,34166,0,0,0,5476,0,0,0,0,9414,0,0,4484,0,37408,0,0,0,9218,0,2444,2094,0,0,0,0,1736,0,0,0,13958
"54",14136,0,0,0,8434,0,0,9398,28066,0,0,0,0,0,7794,0,0,0,0,0,0,59634,59098.0000000001,0,0,28838,0,0,0,0,0,0,0,0,0
"55",0,0,0,0,0,0,3370,0,0,0,0,19604,3390,0,0,0,0,0,0,0,0,14268,1110,0,0,0,0,0,0,0,0,0,0,17576,0
"56",0,0,0,0,0,0,0,0,63044,0,0,0,0,0,0,16112,0,0,5586,0,0,0,0,0,0,0,0,30244,0,0,0,0,0,0,0
"57",0,112124,39238,27704,0,0,0,0,0,0,0,0,19592,0,37044,0,0,0,0,0,0,0,49244,22738,149062,55666,0,0,0,0,0,0,0,0,0
"58",0,0,349534,0,0,0,0,44022,0,394738,0,0,0,0,0,0,0,0,96549.9999999999,0,0,0,0,210124,0,0,0,0,6444,0,0,1632,0,0,83822
"59",432932,0,0,0,0,37314,0,0,1242,0,81372,0,0,0,17842,0,191268,386278,0,0,0,260180,0,0,0,0,9492,0,0,0,2108,122114,0,0,0
"60",0,0,0,70798,0,0,291158,27464,0,0,0,0,0,0,0,140,0,0,0,844,0,0,25878,18378,0,0,58862,0,0,0,0,124914,0,0,56186
"61",0,0,179812,0,0,0,158204,0,0,12182,0,0,118762,0,0,0,0,0,0,0,443776,0,0,0,2484,0,0,0,19794,0,0,0,0,0,99381.9999999999
"62",0,10784,0,245948,0,159382,144386,0,224,0,0,0,0,0,0,0,0,0,0,0,0,0,0,0,0,0,0,0,0,157556,3370,0,0,0,0
"63",0,0,0,0,0,31658,0,80059.9999999999,0,0,0,1731900,0,0,0,0,0,0,0,0,0,0,0,0,0,0,0,0,0,0,249210,0,0,50828.0000000001,0
"64",0,9342,10170,2498,0,0,0,0,0,6356,0,1004,0,0,29630,0,90486.0000000001,680,5528,0,0,0,0,0,0,3674,0,0,0,5876,34946,0,3988,39046,0
"65",0,0,0,0,2715422,0,0,0,251546,234982,0,22118,0,47600,2300116,0,0,0,1177590,0,0,0,290408,2496,28974,0,0,0,0,0,0,0,0,553372,0
"66",0,0,0,220318,0,0,0,20448,0,0,0,0,0,0,0,0,0,0,0,0,0,932,0,0,38026,0,0,21782,1054,0,0,0,0,0,278158
"67",49846,0,768248.000000001,0,0,0,0,0,0,0,1387210,242110,0,0,0,0,516528,0,0,0,322298,2934,0,171040,0,121158,538186,0,0,0,0,0,0,0,0
"68",0,7052,0,0,0,86397.9999999999,273860,62182,0,0,63514,39448,28150,75175.9999999999,0,0,0,0,102182,54914,0,0,0,0,0,0,16114,0,0,43978,0,26258,0,4314,0
"69",0,0,54890,0,0,0,0,0,22402,42942,0,0,314760,0,0,48952,0,0,0,272728,0,0,0,0,308624,0,140176,48582,0,0,0,0,0,206174,0
"70",0,0,0,9476,8966,8100,0,0,0,0,28038,0,79638,35926,0,26742,0,0,0,0,265944,0,0,0,0,0,0,0,0,0,0,0,0,0,0
"71",273792,0,0,344084,0,118114,25364,14666,0,0,0,0,550,0,0,0,0,175076,0,0,97248,0,11808,0,0,0,0,0,0,0,0,0,0,0,0
"72",0,0,5258,0,0,0,0,0,0,0,51384,0,0,18500,0,0,472,0,53898,0,0,0,0,0,0,0,0,0,0,43600,44826,0,0,0,36312
"73",0,0,52074,0,84986,309640,5892,6954,438544,0,0,259654,85842,8636,0,89610,0,98158.0000000001,49472,3604,5118,0,0,0,78866.0000000001,159348,0,0,97668.0000000001,0,0,14218,49792,52006,0
"74",0,0,0,0,0,10850,0,8988,0,0,0,0,0,33828,4102,14914,0,0,0,2930,0,0,0,0,0,0,0,0,5130,0,26328,0,0,2920,0
"75",0,0,0,0,0,0,0,0,0,2512312,0,0,0,0,0,0,0,4690,0,0,0,0,12124,1178766,570726,0,0,0,0,0,153308,0,2426676,0,0
"76",0,0,0,3974,0,0,1922,482,0,6574,0,0,0,0,0,2096,0,0,17614,0,0,0,16976,0,0,0,0,19654,0,1722,0,0,0,0,0
"77",0,0,0,0,84775.9999999999,0,0,0,0,0,0,0,0,0,35754,0,169644,741984,0,0,0,0,0,42770,227034,20478,0,0,0,636360,0,0,0,0,0
"78",0,0,0,0,0,0,0,0,0,0,0,0,0,0,0,0,0,0,0,0,0,0,0,0,0,0,7474,0,0,0,0,0,634,0,0
"79",183008,0,0,0,0,0,0,40478,0,0,0,0,14700,0,0,25876,12750,0,0,0,0,11154,0,0,0,0,2342,3012,0,0,0,0,0,0,0
"80",0,95396,0,0,0,45336,0,0,0,0,0,27486,0,0,0,0,0,0,0,31462,0,0,65746.0000000001,0,0,0,0,0,0,0,0,0,0,0,86451.9999999999
"81",0,9450,0,0,0,0,0,0,0,0,0,0,0,0,119910,0,0,0,0,0,0,0,0,1270,0,0,0,0,10120,0,0,0,0,0,0
"82",291088,131394,0,325504,157048,164238,0,14724,107098,229602,369036,0,430648,126936,0,128208,0,0,50439.9999999999,37794,76108.0000000001,0,166726,551290,0,309158,245674,571752,0,7706,95872,144134,339268,226684,148592
"83",0,0,680629.999999999,0,624378,0,0,355760,0,597270,0,0,0,102852,524360,0,0,0,0,38790,0,492,401184,0,0,0,0,0,442492,0,0,4836380,0,912767.999999999,0
"84",0,678,0,0,0,0,0,16754,0,0,0,0,355376,0,0,0,0,0,0,0,9892,0,19410,0,4170,0,44034,0,0,370,0,0,0,990,46230
"85",176750,7402,0,109294,0,32814,33318,0,22976,429636,25162,478,0,0,0,24868,10000,23148,0,0,0,0,139048,0,0,0,51166,390690,8676,0,0,0,6552,15212,0
"86",176282,0,0,0,0,0,0,0,0,0,0,0,0,0,875734.000000001,0,0,0,139410,27330,0,0,0,0,0,0,0,308874,0,0,0,0,0,0,0
"87",0,0,0,0,0,0,0,147446,0,0,0,36526,0,0,0,0,0,0,0,0,0,0,0,0,0,0,100908,0,0,0,0,0,0,0,0
"88",0,37176,0,0,0,61253.9999999999,0,0,0,0,3598,97934.0000000001,0,17694,0,0,0,217474,0,0,0,77490.0000000001,0,0,11188,0,0,0,78650,0,0,58322.0000000001,0,0,0
"89",0,0,0,0,0,0,0,0,0,0,302,0,0,0,0,0,0,0,0,0,0,0,223854,0,5584,82162,0,281522,0,119330,0,441070,0,978660.000000001,0
"90",0,0,0,0,0,17302,7054,0,0,0,0,0,0,91639.9999999999,32210,0,0,0,0,0,0,120208,49900,0,0,0,0,0,0,0,0,0,0,0,49822
"91",4354,6834,35970,17118,0,0,0,39432,0,1470,15716,0,16458,228,10260,1142,1196,0,25272,0,0,444,6268,856,7204,13032,13682,14280,144256,11214,3366,0,3588,14554,12118
"92",11388,0,0,2774,198448,0,0,0,0,0,11190,0,22212,0,0,20886,0,0,0,0,0,9502,7380,0,0,0,0,2966,0,16568,0,0,0,2160,0
"93",0,0,0,0,0,0,0,0,0,0,0,0,0,0,0,73555.9999999999,3340,0,0,0,0,88924,10000,0,0,0,0,0,0,0,0,58934,0,8316,0
"94",0,0,0,0,697899.999999999,0,0,0,0,0,0,0,52906,0,0,0,0,0,0,0,0,0,0,0,0,0,0,0,0,0,0,0,0,0,1024832
"95",0,0,0,0,0,0,0,0,0,0,0,0,0,0,0,0,0,0,0,0,0,0,0,282,0,1786,0,0,512,0,0,0,0,0,0
"96",7026,0,0,7280,11136,0,0,0,0,0,0,0,0,0,0,10832,0,34634,0,0,0,0,0,0,1142,0,0,0,0,0,55107.9999999999,0,0,31100,19054
"97",140,5832,3720,202,7180,5422,2788,10692,4648,21022,16102,0,23956,0,21298,0,0,19666,134,0,5702,21192,4760,10280,11374,0,0,5954,0,0,264882,3532,0,6172,14294
"98",2382,0,0,1758,0,0,0,0,0,0,0,3150,0,3852,962,0,0,0,0,0,0,0,0,0,0,0,0,8486,0,0,0,0,0,0,0
"99",0,0,37318,0,0,0,0,0,0,0,7640,0,83214,0,0,0,0,0,11610,0,0,0,0,13464,0,0,7698,0,0,0,28862,0,12790,0,0
"100",584,528,762,0,0,15116,1672,0,1394,360,5508,2860,0,12208,9978,0,4640,12508,10544,5022,8072,76591.9999999999,5246,0,4504,0,46246,2232,0,14272,0,4976,8110,0,660
"101",50,604,0,724,894,200,1842,502,894,608,4038,3458,0,0,3862,2646,0,456,808,634,698,650,354,1142,776,0,0,1876,2256,706,0,222,784,0,124
"102",0,0,0,11778,0,113866,0,164884,0,0,146708,0,0,0,0,0,0,0,0,0,0,0,0,0,0,0,0,0,0,0,0,37960,0,31130,0
"103",0,0,0,0,10366,0,0,0,0,0,0,0,0,0,0,0,0,0,610,0,0,0,0,0,0,0,6178,0,0,2910,0,0,0,0,0
"104",0,0,0,0,0,0,0,0,0,0,0,0,0,0,0,0,0,25258,0,0,0,0,0,0,0,0,3440,0,0,0,4142,0,0,0,0
"105",0,0,0,0,0,0,0,232888,0,3488,0,661440,0,0,0,0,0,0,0,0,0,0,1872,0,0,71039.9999999999,45046,0,0,0,0,0,0,7166,0
"106",0,0,9378,0,0,8022,0,0,0,2014460,963876,0,0,25954,0,0,0,1141828,149752,14308,41596,1296336,0,317046,0,1294906,1125980,0,2779842,1305998,0,594834,17266,0,0
"107",0,0,228362,0,10528,0,0,0,0,0,0,0,208596,0,0,448096,0,0,0,0,0,0,0,0,0,0,0,396742,0,0,0,0,0,0,0
"108",0,34146,0,34058,0,0,0,0,0,0,0,80248,0,52036,0,0,0,42432,0,0,0,0,16030,2402,0,2338,157266,0,0,0,0,10020,0,0,0
"109",0,0,0,2722,0,11346,0,1650,7934,0,0,0,0,0,504,0,0,0,7446,0,0,0,0,0,0,896,0,0,0,0,488,0,0,0,0
"110",0,0,0,0,0,3680,0,0,4012,0,0,0,0,0,0,0,0,0,0,0,31856,0,0,0,0,0,0,0,0,0,1462,0,4820,0,0
"111",2218,3824,23538,12694,0,86628,18518,5848,158,8542,0,0,2030,32838,7644,0,38452,0,4222,0,1972,113604,37082,43518,814,15952,161876,161288,3048,1852,34102,3980,81572,7498,25778
"112",0,0,0,19370,4406,2866,0,0,0,6840,0,0,0,0,0,0,0,0,47188,0,0,0,0,0,0,3896,0,0,0,0,0,0,0,0,0
"113",0,0,0,24836,0,5300,2236,0,0,48156,0,0,36604,0,0,62594,0,0,0,7712,0,8124,51276,0,0,0,0,0,0,0,0,0,0,21966,0
"114",25062,50516,182,0,16024,0,0,0,0,0,0,0,40718,0,0,0,0,0,0,0,0,157970,0,3322,0,0,0,0,0,0,0,0,9080,0,0
"115",0,0,0,0,235744,0,0,0,0,0,13222,0,0,0,0,11770,0,0,0,0,0,72777.9999999999,12154,0,0,0,0,0,0,0,0,0,0,12088,0
"116",0,0,0,0,25426,0,0,0,0,0,148,0,0,0,0,8246,9290,0,19904,2294,0,0,14594,0,0,0,0,0,0,0,0,0,0,3034,0
"117",0,0,0,0,0,0,0,0,0,7204,0,0,0,78102,0,0,0,0,0,0,2656,21480,0,1806,0,0,4472,0,81354,0,0,0,0,0,0
"118",0,404066,0,0,0,86090,0,0,0,0,0,0,0,0,0,0,0,0,6506,0,0,5762,0,7156,206154,0,0,203096,0,0,0,0,0,0,0
"119",0,0,0,0,0,515342,0,903823.999999999,0,0,0,0,1059622,53020,0,0,0,0,77832.0000000001,0,0,0,0,0,0,0,0,0,237792,0,0,483338,7978,0,0
"120",0,0,0,0,0,0,0,35790,0,0,0,0,0,0,242508,0,0,0,0,0,0,0,0,0,0,0,2330,0,0,0,0,0,233624,726,0
"121",0,0,0,0,0,0,0,0,0,16986,0,0,0,0,0,0,0,0,0,0,0,0,0,0,0,13288,0,0,0,0,0,0,0,0,8654
"122",0,0,0,0,0,0,2380,0,8398,0,0,66920,0,0,0,0,0,0,37462,0,0,0,0,0,0,19488,0,0,0,0,0,0,230,0,0
"123",0,0,0,0,0,0,0,0,0,0,0,0,0,0,0,0,0,0,0,0,0,0,0,0,0,60476,1510,0,0,0,0,0,596,0,0
"124",0,117918,8818230.00000001,0,0,349970,0,0,0,0,168562,0,0,0,0,463600,0,0,0,0,68,0,0,0,343080,0,0,0,0,0,0,0,266562,0,330242
"125",0,0,1642,0,1036,0,0,0,0,1542,2588,0,0,0,0,2870,0,0,336,0,0,1040,0,0,938,104772,0,0,0,0,0,2070,0,0,0
"126",0,616,0,0,0,0,0,0,0,0,3160,0,0,100,0,0,0,0,1766,0,0,2924,0,3920,1182,0,0,0,284,0,838,0,2720,0,0
"127",0,0,0,344,0,0,0,0,0,0,0,0,0,0,8506,3932,0,0,5754,0,0,0,5550,0,2686,0,0,8192,0,940,0,0,0,1182,0
"128",0,0,0,0,0,0,0,0,0,0,670,1682,0,0,8152,139418,0,0,0,0,0,0,0,0,0,0,0,0,0,0,0,0,0,0,0
"129",0,0,0,0,0,0,0,0,3052,0,0,0,0,0,0,0,0,0,0,0,368,0,0,0,0,0,0,0,0,0,8522,0,40,2326,0
"130",0,0,0,27104,0,0,2334,0,0,273850,0,970,0,0,0,0,9974,0,0,0,0,0,0,0,26254,0,0,0,0,29630,0,0,0,0,0
"131",3074,0,37164,0,28374,9574.00000000001,0,0,385312,0,0,0,0,0,0,0,55812,8538,0,9992,0,0,23436,58720.0000000001,26604,8126,0,0,0,155354,116582,149456,0,1428,0
"132",0,0,0,0,0,0,5658,0,0,0,67294,0,12406,0,0,0,0,0,0,0,253712,0,0,0,11956,424,0,0,0,0,31652,3148,0,0,0
"133",0,0,0,0,0,0,0,0,6206,0,0,0,0,0,0,0,2678,0,3716,0,0,3440,0,31182,0,0,0,12086,0,0,0,0,0,0,0
"134",0,137924,0,0,0,0,0,0,0,0,0,0,40266,0,0,0,0,0,0,0,0,0,70101.9999999999,0,55866,0,34982,0,0,0,0,0,0,0,0
"135",0,0,97060.0000000001,0,0,0,0,0,0,0,0,97534,0,0,0,0,0,0,414294,0,0,0,102966,0,0,6302,8928,0,0,0,0,0,0,9416,0
"136",0,0,0,0,0,0,0,0,5722,0,0,62058,0,0,0,0,0,0,52322,0,0,366504,0,0,0,133218,0,0,0,0,0,44596,0,0,913370
"137",155234,0,0,0,0,0,0,0,230042,26794,0,0,105304,0,0,67864,0,0,13648,193992,0,0,0,11712,0,0,0,0,0,10514,0,0,0,246750,206558
"138",6624,26138,0,13998,2124,0,0,7974,0,0,0,0,5094,5204,0,0,0,10040,0,0,0,6112,0,16970,0,0,0,0,0,0,22934,100,0,21914,0
"139",0,220,3954,0,0,0,0,8898,26628,0,0,0,0,0,0,0,0,0,0,2720,0,0,546,0,0,0,0,12884,0,0,6992,0,0,0,0
"140",0,0,0,0,0,14360,1014,0,0,0,0,0,0,0,0,0,0,0,0,0,0,0,9711.99999999999,0,0,0,0,0,0,0,0,0,0,16292,0
"141",69408,0,0,0,8276,0,19620,0,0,0,0,0,0,0,23946,0,39430,0,149608,0,0,0,440666,0,0,0,0,73962,0,0,0,0,115096,0,0
"142",0,2828,343964,868,0,0,0,0,0,0,11336,716,23018,39980,0,0,0,0,0,0,0,0,0,0,0,70364,132690,0,0,39146,0,0,0,0,0
"143",0,28266,0,0,0,0,0,0,0,0,0,0,23342,0,0,0,0,2442,0,507662,238878,0,0,0,5596,0,0,0,240944,0,0,54772,0,0,0
"144",0,63928.0000000001,0,0,121698,21548,0,0,5892,0,0,0,0,149796,0,0,0,950,0,0,0,0,0,0,111544,0,0,0,0,0,0,0,0,502,0
"145",0,0,0,484,7498,0,0,0,0,0,0,0,3334,0,0,0,0,0,0,0,0,0,75643.9999999999,0,0,0,0,0,0,0,0,1486,0,0,0
"146",337774,0,0,0,152428,0,0,0,0,96120,175292,0,0,0,0,0,0,0,0,89258,0,0,0,0,97938,29368,0,0,0,23200,0,105752,0,0,0
"147",0,0,0,0,0,0,0,0,0,0,0,0,0,0,0,0,0,0,728,1154,0,0,5260,0,0,0,0,0,0,0,0,0,44854,8064,0
"148",0,0,0,16082,0,0,4638,0,0,0,0,0,0,0,0,19268,0,17576,0,8946,0,97301.9999999999,22080,17844,0,0,161604,0,0,0,0,65370,0,0,0
"149",0,0,0,0,0,0,0,0,0,0,0,0,0,0,530,0,0,0,0,0,0,0,0,0,2020,568,0,0,2800,750,0,152,0,2284,0
"150",0,0,118556,0,80414,0,0,0,0,0,659115.999999999,0,0,0,0,247724,0,0,0,0,0,2076,0,0,28324,0,2042,0,0,0,0,132,0,0,0
"151",0,0,0,0,0,0,0,0,0,9954,0,0,0,0,1006,0,0,0,0,0,0,0,0,232,0,148542,0,0,0,0,56880,0,0,0,0
"152",0,0,0,0,0,0,0,322792,159188,0,5818,0,0,0,0,0,0,0,0,0,0,0,0,0,0,6710,0,0,759076,24310,313260,0,0,0,0
"153",0,0,32892,0,0,101726,0,0,29336,0,0,0,0,2178,79624,0,5812,0,0,0,66472,0,263332,0,227426,0,0,0,0,0,31380,0,0,0,0
"154",0,0,0,0,35782,0,0,36106,8774,0,0,11512,0,0,4562,0,0,8980,0,0,0,0,0,33314,11588,0,448,0,0,0,1276,0,0,5452,2764
"155",0,0,0,28806,0,774,0,0,0,0,0,0,0,0,0,0,0,9674,0,0,0,0,0,0,0,0,0,0,0,3548,3524,0,0,16448,0
"156",0,31330,0,0,0,0,0,0,0,668640.000000001,0,0,0,51030,0,0,93644,0,0,0,605356,627908,0,0,0,0,0,0,0,0,0,0,102540,0,0
"157",0,0,0,0,1472,0,0,0,0,0,0,0,0,0,38320,0,210956,0,0,0,0,0,0,1520,0,0,0,8356,0,0,0,0,0,0,0
"158",688082,0,0,0,0,1532588,375068,0,0,0,0,0,0,0,0,0,0,0,0,0,0,409432,0,0,0,0,0,0,0,0,0,0,0,0,0
"159",0,0,15948,57740,0,0,0,0,0,0,0,0,48834,0,0,0,0,0,28570,8688,0,0,0,0,0,0,0,0,270,1614,0,0,0,0,0
"160",0,0,0,0,0,27016,0,0,28946,0,0,0,18748,0,34620,0,0,66740.0000000001,0,4094,0,0,0,0,0,7366,0,32212,0,0,0,0,0,27678,0
"161",0,0,7036,22366,2316,105864,0,0,216,0,108618,16714,0,0,82746.0000000001,1660,0,2104,288,74,2788,0,3688,0,15408,0,27268,0,23384,2652,0,0,0,21162,36918
"162",0,0,0,17996,24936,0,0,6046,0,223698,0,0,0,15858,0,0,0,0,41996,0,18640,0,33036,9214,100932,0,19840,76,0,0,752,99296.0000000001,0,0,300
"163",0,0,0,0,0,0,0,0,0,0,26926,0,0,0,0,0,0,0,0,0,0,0,0,0,0,0,0,52588,0,0,0,0,0,0,0
"164",0,66104,0,0,11134,0,0,11008,0,14040,0,0,0,0,14130,0,0,0,0,0,0,24558,0,6936,0,1958,0,0,0,0,34540,0,7034,23216,3652
"165",0,12656,0,0,0,0,0,0,0,2388,7058,0,0,4472,0,0,0,0,0,118,0,0,7556,0,43046,0,0,0,0,0,0,0,0,0,882
"166",0,0,0,0,0,0,0,0,0,0,2280,0,2034,0,1246,0,9114.00000000001,562,0,0,0,1934,0,0,0,0,19526,1560,0,362,2292,0,0,0,0
"167",0,4000,0,0,0,7298,2434,3354,0,0,0,0,0,0,0,0,0,3148,0,0,0,0,0,0,0,1662,0,0,0,0,1530,0,0,0,0
"168",0,0,0,3040,0,0,0,0,11092,0,0,0,0,0,0,1184,0,0,0,0,0,0,0,0,0,63170,0,1398,980,11744,0,0,4700,0,8438
"169",7912,0,0,0,0,0,0,0,0,8910,0,0,0,0,0,0,0,0,0,966,0,0,0,368,0,0,0,0,0,0,0,0,9354,0,0
"170",0,0,0,0,0,25682,0,108582,0,0,0,0,0,0,0,0,0,0,0,0,0,1160,3416,0,0,0,0,98140,0,0,0,0,218660,0,0
"171",0,0,0,0,0,0,0,0,208144,0,40594,0,0,0,40238,0,0,0,212,0,98240,0,0,0,0,0,112750,0,1992,29586,0,213328,0,0,0
"172",0,12580,0,0,0,3140,0,0,0,5028,0,0,24174,0,3476,0,4802,0,0,0,9738,0,0,0,0,0,0,0,0,0,6596,0,0,0,0
"173",0,0,0,0,0,38558,76006,0,0,79864,0,0,6324,0,0,0,0,0,0,0,0,0,0,77948,0,0,0,0,0,13066,0,0,0,0,5734
"174",0,0,0,0,0,820,0,0,0,0,0,0,0,0,0,0,0,16030,0,0,6046,0,0,2192,0,0,0,318,0,0,0,0,0,0,0
"175",0,0,4654,0,0,0,4330,0,1462,0,0,0,0,0,0,15444,0,0,0,0,0,0,0,0,0,0,0,6312,0,0,0,0,5652,0,0
"176",0,0,0,0,0,5884,2106,0,0,0,0,0,0,3682,0,0,0,0,688,0,0,0,0,670,0,6012,0,676,2226,0,0,0,0,0,0
"177",0,0,0,0,0,0,0,0,0,0,0,0,0,0,0,0,0,0,48130,0,0,0,0,0,0,0,0,0,0,0,0,0,0,0,0
"178",0,0,0,0,0,0,0,0,3434,0,23874,0,0,0,0,0,0,0,0,0,0,0,0,84598,0,0,0,0,0,152410,0,0,0,0,0
"179",0,0,9770,0,0,0,10460,0,0,0,0,0,0,0,0,17990,0,0,12354,0,0,6224,0,0,0,0,0,0,0,0,0,0,1320,0,0
"180",0,594,0,0,0,0,750,0,0,1706,0,0,0,7076,0,0,0,0,0,0,0,240,12434,0,0,0,0,0,0,0,0,0,0,0,1030
"181",0,0,0,0,0,0,0,0,0,2384,0,0,0,0,0,2878,0,76374,0,0,194,0,0,0,0,0,0,0,0,1254,258,0,0,0,0
"182",0,9662,0,0,0,0,0,0,0,0,0,0,0,4456,0,0,0,0,0,0,1204,0,0,786,0,6280,0,0,0,0,5220,0,0,0,0
"183",0,12330,0,0,5936,5768,0,0,12330,0,0,0,9384,31508,0,0,0,0,0,0,0,0,12170,4554,0,0,0,0,0,0,0,0,0,0,0
"184",0,0,21666,1378,0,0,0,0,0,0,0,750,0,0,322380,0,0,6812,0,0,0,0,0,190,834,9316,0,0,0,0,0,0,2142,0,0
"185",49756,12498,0,130284,0,0,0,0,67940,0,0,6756,0,0,0,0,0,1882,0,0,4584,0,0,5990,0,0,0,0,0,0,0,0,0,0,0
"186",0,0,5512,0,0,0,0,0,0,0,0,0,17622,0,0,0,0,0,0,0,0,0,0,0,0,0,15808,78,0,0,0,0,0,3512,0
"187",0,0,89930.0000000001,169624,0,0,0,69814.0000000001,0,0,0,0,150652,0,0,0,126492,0,13376,0,0,0,3978,0,0,0,0,0,93501.9999999999,0,0,54108,0,0,0
"188",0,0,39604,1672,0,0,0,0,2626,664,0,0,0,0,0,2022,0,0,1962,16774,0,0,0,3648,0,0,0,0,0,0,0,0,0,0,22108
"189",0,21022,0,0,0,5386,20608,0,0,74380,53916,0,20506,1618,0,75496,17308,0,7024,0,0,0,0,18676,77693.9999999999,5316,117644,242170,114,27434,45302,0,0,3962,0
"190",0,0,0,0,0,0,0,0,0,162410,0,0,0,0,43434,35958,0,0,5506,0,0,839942.000000001,0,0,0,0,0,0,0,0,0,0,0,0,0
"191",0,0,0,0,0,0,0,0,0,0,0,0,0,0,0,0,0,0,0,0,105358,0,0,0,1062,0,0,0,12998,0,13700,0,0,0,0
"192",0,0,0,0,0,0,70694,0,0,0,50530,0,0,0,0,0,0,0,0,0,0,0,0,99608.0000000001,45098,0,41216,0,87660,0,0,1442,0,0,0
"193",0,1380714,0,0,84484.0000000001,0,0,18794,0,124876,0,0,15388,3024,0,0,0,0,13244,0,203790,0,139488,198262,0,5508,0,50874,98842.0000000001,0,35880,0,9364,0,9380
"194",0,0,190,0,4382,0,0,0,0,0,17432,0,0,0,0,0,0,0,0,0,0,0,0,0,66,0,0,0,0,0,0,0,0,0,0
"195",0,249230,0,0,0,0,0,0,70390,0,0,0,0,18236,0,0,185242,0,0,0,0,0,0,0,39906,0,0,0,0,0,0,0,6768,8960,0
"196",0,0,0,3046,4212,3270,0,848,0,0,0,272,0,0,0,0,1756,0,0,0,0,0,0,4914,0,0,0,0,0,2500,0,0,0,194,0
"197",0,3656,2472,0,8178,61642,0,0,0,55174,0,0,71930,0,45648,0,0,1906,0,0,0,0,0,0,40900,0,0,0,0,0,0,0,0,0,73942
"198",0,0,0,0,0,251528,0,8284,0,0,0,0,0,0,0,0,0,0,0,0,13214,0,0,0,0,0,0,0,0,0,0,0,0,0,0
"199",0,7874,0,0,0,0,23282,0,0,0,93290.0000000001,0,101622,0,0,0,0,0,0,0,0,0,0,0,0,0,0,54130,69369.9999999999,0,162,56040,0,74183.9999999999,0
"200",0,15920,0,0,0,16498,0,14866,0,0,24542,20312,0,0,58690,0,26806,3844,0,0,0,0,0,0,0,0,2848,0,0,4338,0,0,0,0,0
"201",141216,54166,3700,26130,0,3080,42968,15172,8926,40964,3228,13904,4990,32076,36426,36788,0,43084,4604,134152,0,7380,72300.0000000001,153038,88242.0000000001,32682,40852,2058,3004,14910,7886,598,316,47556,116738
"202",0,0,0,0,9682,0,0,0,152592,0,0,0,0,0,336,0,0,0,0,0,10396,2020,0,0,0,0,0,0,0,0,0,0,36544,0,0
"203",0,0,0,0,0,0,39354,0,57899.9999999999,0,0,0,0,0,0,0,0,0,0,0,0,0,0,0,0,64552,0,0,0,0,0,0,0,0,0
"204",17158,0,0,0,0,0,0,0,0,0,0,0,0,0,4090,34170,0,0,0,0,48154,590,0,14912,0,0,0,0,2818,22664,0,0,0,0,0
"205",128050,0,0,2918,23716,0,0,0,0,0,0,0,0,0,164162,0,36766,0,430514,0,0,0,0,0,0,40032,10594,0,0,0,0,0,0,0,0
"206",0,0,0,0,0,0,0,0,12204,9198,4434,0,0,0,0,0,0,0,0,0,0,0,0,0,0,0,0,29336,0,0,56504,0,0,0,9746
"207",21518,0,0,0,0,0,0,3122,0,0,14180,342,0,5248,0,13676,2138,0,0,0,0,21778,0,0,0,0,0,0,0,9690,0,0,0,0,0
"208",0,0,0,45610,0,43190,0,0,0,0,0,0,0,0,0,0,0,20952,0,620,0,16316,0,0,0,0,73273.9999999999,0,0,0,0,0,0,0,0
"209",0,0,0,0,0,0,0,0,0,0,0,0,0,0,23968,0,0,0,0,0,0,0,0,0,61861.9999999999,0,0,0,0,0,0,0,0,0,0
"210",0,0,0,0,0,0,0,0,0,0,0,6038,32744,0,0,0,0,0,0,0,224238,0,0,0,193524,0,0,0,0,0,0,0,0,0,8054
"211",0,0,0,0,0,1512,0,2430,0,0,0,0,0,0,1464,0,734,0,0,0,0,0,0,2394,0,0,0,0,0,0,19552,314,0,0,0
"212",14974,0,0,0,0,0,0,0,0,0,0,8846,0,0,5854,2682,0,0,1528,0,0,12738,92922,0,0,0,0,0,0,0,0,0,0,2210,0
"213",62140,0,0,0,0,0,0,0,1526,0,6506,0,0,0,0,0,0,0,0,0,376,0,0,0,2684,0,0,1492,0,0,0,0,0,0,0
"214",0,0,0,0,0,4142,0,0,0,7494,0,0,0,162,0,0,4616,0,0,0,934,0,0,0,3164,1034,12882,0,0,0,0,0,5212,0,1260
"215",0,0,0,4220,0,1816,0,0,0,0,2970,0,0,0,954,0,0,0,0,0,0,0,0,0,0,0,0,0,0,0,0,0,0,8308,0
"216",0,0,0,0,18102,0,0,0,37130,0,0,0,0,37578,0,7124,0,0,0,0,0,0,0,0,0,0,0,0,0,0,36950,0,0,0,0
"217",4052,0,828,2976,1828,0,0,0,0,0,0,0,0,0,0,0,0,0,0,0,9672,0,0,0,0,0,0,0,0,0,8302,0,0,9140,0
"218",0,0,0,0,0,2532,0,0,0,3116,0,0,0,0,0,0,0,0,4020,0,0,0,0,0,0,0,0,0,15962,0,3708,0,0,0,4020
"219",0,0,0,7944,20596,2004,0,0,0,0,0,0,18120,0,0,0,0,0,0,11180,0,0,0,0,0,9426,0,0,0,0,0,0,0,6172,0
"220",0,0,0,0,0,0,575328,5008,0,0,0,194038,0,0,0,241112,0,0,0,0,309886,0,0,0,0,0,0,0,0,0,0,0,0,0,0
"221",0,0,0,0,0,0,0,0,0,0,0,0,0,11360,20000,0,0,0,0,6692,0,0,3196,0,1100,0,0,0,0,10502,11680,0,2210,0,0
"222",0,2986,0,13714,0,600,3212,0,14692,1024,40852,40282,10028,420,1450,744,230496,12876,19144,12924,1914,5442,9280,0,1004,0,0,15964,220646,8884,0,1922,3166,0,3080
"223",0,0,0,0,0,0,43610,0,0,101114,0,102706,0,0,0,0,0,31978,0,0,0,0,0,0,7570,0,0,0,0,0,0,0,0,0,0
"224",6594,0,0,22998,0,0,0,0,0,0,0,0,0,0,0,0,0,0,0,0,0,0,0,0,0,0,0,0,0,23062,0,0,0,0,0
"225",0,4072,0,410,0,0,1712,0,328,0,0,1008,0,0,1414,0,0,0,0,0,0,0,0,3914,0,2946,0,0,0,0,0,0,0,12350,0
"226",49678,0,0,0,520,0,0,6776,0,0,0,0,0,0,0,0,0,0,0,0,6936,0,0,0,0,0,0,0,2670,0,0,0,0,0,1756
"227",0,0,0,4026,0,0,0,96,258,0,0,0,8704,0,0,0,0,0,1864,260,0,0,0,0,0,0,0,0,0,6848,0,0,0,0,0
"228",166366,0,0,0,0,0,668473.999999999,0,0,0,18010,1330,59986.0000000001,0,0,178210,0,0,0,0,0,0,0,0,0,0,0,14210,0,0,0,0,0,0,0
"229",0,0,0,0,0,0,0,190,0,113644,0,0,0,0,0,0,0,0,0,0,0,0,0,2834,0,0,0,6482,0,27888,7058,0,0,0,0
"230",4640,26756,0,0,0,0,0,0,0,12384,0,4040,0,0,0,196,0,0,3182,0,0,0,0,0,0,0,0,20480,0,0,0,0,0,0,0
"231",0,0,124130,0,16612,0,0,0,0,0,0,0,0,0,0,0,0,0,0,0,0,0,0,0,0,0,0,0,0,0,0,0,0,0,0
"232",0,1038,0,0,0,0,0,0,0,0,0,0,0,2896,0,668,0,0,0,0,0,0,0,0,0,0,0,0,0,0,0,0,0,0,0
"233",0,0,0,0,4232,0,0,0,0,11012,9504,0,0,0,0,0,0,0,0,0,182098,0,0,8178,0,0,0,1174,0,0,0,3840,98452,0,30512
"234",0,150370,0,0,0,0,0,0,0,0,0,0,1314,0,0,0,0,142620,0,206716,38104,0,0,0,0,0,0,0,0,0,0,0,0,33570,0
"235",12618,0,0,12450,0,0,0,0,0,4250,0,0,0,0,0,0,0,0,0,0,0,3860,0,0,0,0,0,0,4532,0,0,0,0,0,6584
"236",0,0,0,0,0,0,0,42406,0,0,0,0,5358,0,0,0,0,0,104774,52640.0000000001,32930,0,0,0,0,0,0,0,0,0,0,0,0,0,0
"237",0,0,0,6804,0,0,0,0,0,0,0,0,75332,0,69856,0,0,0,0,63818,0,4160,0,0,0,0,5510,0,0,5640,0,85646,0,3388,0
"238",110494,2412,29402,38260,29054,309424,0,43972,408774,339294,20614,156940,103720,20764,89785.9999999999,142314,40692,141298,21542,565080,86259.9999999999,32266,137762,3322,146976,196512,95513.9999999999,0,24202,38390,150986,0,13930,149684,74922
"239",0,0,0,0,0,0,0,0,0,0,135836,0,0,197204,56472,0,0,0,0,62130,12248,0,0,196832,0,0,0,0,0,0,0,0,95140,0,0
"240",0,6194,0,24154,0,0,0,0,0,262906,10398,1014,0,13332,16046,0,0,0,0,2236,0,0,0,0,16896,0,0,0,0,0,0,0,9434,0,0
"241",0,0,1716,1470,0,0,0,0,0,0,0,0,0,0,0,0,3684,0,0,0,15114,0,0,0,0,0,0,0,0,862,0,0,0,122262,0
"242",0,0,0,0,0,0,0,0,0,5892,1582,0,0,0,0,0,0,1540,0,0,0,0,0,0,380,0,0,13296,0,0,5042,0,0,17316,0
"243",0,290644,0,0,6708,0,0,0,342028,0,0,0,0,0,0,0,0,0,0,0,0,0,5904,211668,49668,63018.0000000001,0,0,0,0,0,0,0,0,663111.999999999
"244",434,7038,347076,0,70950,78673.9999999999,0,171362,422750,122950,0,22796,0,63518,0,0,403992,10496,413986,15176,3918,257884,0,29248,45696,131648,6206,146490,23170,15594,0,26746,0,4514,0
"245",2272,0,0,0,0,0,0,0,0,0,0,0,0,0,0,0,0,0,0,0,0,0,0,0,0,0,0,0,0,0,0,0,152918,0,0
"246",0,0,0,0,53100,0,0,0,0,0,0,0,0,36244,0,0,0,0,0,0,0,0,0,0,436838,0,0,0,0,0,0,0,46602,0,0
"247",0,0,0,0,0,0,492,0,0,0,538,0,4468,0,0,142508,1204,412360,5908,0,0,5532,0,0,0,0,1678,0,0,0,0,15648,0,0,326
"248",0,124838,0,0,0,0,0,0,0,0,0,0,0,0,0,0,0,17286,22522,0,0,0,8202,0,0,0,0,2906,0,32458,0,0,0,0,0
"249",0,0,0,0,0,0,0,0,0,0,0,69238.0000000001,0,40494,0,5112,0,0,0,0,5716,0,0,2180,0,0,7302,0,0,13488,0,0,0,0,0
"250",6028,6232,55050,0,7328,3200,14210,19980,58,230,466878,16000,0,8360,7368,466724,0,9924,74982,33786,8810,0,73508,44882,16086,554734,17282,47388,40078,26990,52532,0,0,71084.0000000001,475454
"251",0,0,63324.0000000001,0,68448,9038,0,0,0,9914,0,0,80126,0,0,0,0,0,0,0,0,0,41956,0,444,130790,0,0,0,366,0,0,0,0,0
"252",0,1912,4944,0,0,0,5582,0,0,0,0,0,0,0,0,0,0,0,0,0,10786,46474,0,0,0,16542,0,0,93846,5064,0,0,0,0,0
"253",0,0,0,4508,2468,0,4690,0,0,5696,0,0,0,0,24396,0,0,0,4024,0,0,5942,5500,0,0,0,0,0,0,1888,0,0,63762.0000000001,78512,0
"254",0,0,0,0,3324,0,0,0,0,0,0,17176,7734,0,24714,2430,0,0,44812,0,0,0,4062,0,0,0,630,0,0,0,0,0,0,0,0
"255",0,0,0,0,608,0,12094,0,8334,0,5848,0,0,0,0,0,0,0,0,0,0,0,0,0,0,25524,0,0,19330,0,0,0,0,0,0
"256",0,0,29700,50824,0,0,0,0,0,482,0,0,0,0,0,0,0,0,0,0,0,0,0,1192,0,0,0,6784,0,0,0,0,0,4116,0
"257",29674,0,0,0,68176,0,0,19382,0,0,0,0,253742,30360,0,0,0,0,0,37388,0,864394,0,509132,0,0,37328,0,3790,0,557596,0,0,0,2596
"258",0,0,0,0,0,0,0,0,0,0,0,0,0,0,0,0,45374,0,0,0,0,40498,0,38076,0,0,0,0,410,176540,3386,0,255470,0,0
"259",0,0,0,0,0,493774,22016,0,230344,4694,0,90652,0,0,0,24158,0,0,0,8576,0,0,0,0,0,2098,0,86138,0,737908,0,0,0,0,0
"260",0,565992,0,439932,125962,0,321778,0,0,834806,0,0,348330,5332,0,0,191310,69591.9999999999,0,0,0,0,0,0,0,0,0,0,0,0,0,0,0,0,0
"261",0,0,0,0,0,0,2390,0,0,0,0,0,0,0,0,36274,8172,0,0,0,0,0,0,19200,0,0,80790.0000000001,0,0,0,0,0,0,0,19348
"262",0,0,0,966,0,0,0,8952,0,0,0,0,0,0,0,0,0,0,0,0,0,8100,0,0,406,1344,0,0,0,0,0,0,0,0,0
"263",0,0,1192,15240,0,0,0,0,0,0,0,0,0,7704,0,0,0,0,0,0,0,1806,0,0,0,0,0,0,0,15984,0,0,0,22206,0
"264",0,0,0,0,0,0,0,738336.000000001,0,371732,0,0,0,0,89016.0000000001,0,0,0,0,0,0,0,594070,0,149604,95784,0,39552,0,332206,0,168524,399696,0,0
"265",0,0,5568,0,0,0,0,0,0,0,164800,0,0,0,4304,0,0,7644,0,0,0,4666,0,0,1794,6344,0,19918,0,0,0,23458,0,0,0
"266",0,0,0,0,0,0,0,0,12492,142704,0,59038,66684.0000000001,0,0,0,0,25172,73832,0,0,0,0,0,69614,0,0,0,0,0,0,0,15054,134564,0
"267",0,6162,0,0,0,0,6380,0,0,0,10732,0,0,0,0,0,0,0,0,536,0,768,0,400,9854,0,0,26820,0,0,0,0,0,0,0
"268",0,0,17128,0,2288,0,0,0,0,0,0,0,0,0,30692,0,0,0,0,0,0,0,0,0,0,0,59596,2836,0,0,0,3418,0,0,0
"269",0,0,7302,0,0,0,728,0,0,0,0,0,0,0,0,0,0,0,0,0,0,0,8182,0,0,0,0,0,0,0,0,0,0,0,33570
"270",37358,0,0,0,0,0,0,0,0,0,0,0,4482,0,0,3516,0,0,6284,0,604,0,0,38594,4292,0,6026,0,0,0,0,4290,0,0,0
"271",0,0,0,2608,425010,0,0,0,0,0,0,458734,0,0,0,4220,994535.999999999,1176,0,0,242650,0,10056,0,0,0,0,0,0,0,0,0,55029.9999999999,0,0
"272",0,7682,0,0,0,0,2686,0,0,0,0,0,380,2058,0,0,0,8220,0,0,0,0,0,0,0,0,0,0,0,536,0,0,0,0,10714
"273",0,25602,0,0,278,0,0,355070,0,0,0,0,0,0,0,0,0,113828,0,0,0,0,0,0,0,0,33962,31518,0,0,0,0,20840,0,0
"274",0,0,0,6046,0,0,0,3160,0,2534,0,0,4832,0,0,0,0,0,0,47824,0,0,0,0,0,392,0,0,0,5918,0,0,0,0,0
"275",0,16238,0,70694,0,0,0,0,0,13414,0,0,0,0,0,0,0,0,0,0,0,0,0,0,0,0,0,0,0,0,0,40888,0,0,23678
"276",35368,3726,4802,8656,15300,10544,926,15930,0,3464,4516,0,432,2144,0,35840,73745.9999999999,0,1232,40664,20048,724,4348,0,990,2432,9448,0,75582,14522,0,14468,4628,0,72508
"277",0,1594824,0,0,0,0,0,0,0,0,0,0,0,276,0,0,166404,0,0,0,0,0,0,0,0,0,0,0,0,0,0,0,0,0,394616
"278",0,0,0,0,11864,0,0,0,0,0,0,766,0,0,0,0,0,0,0,6222,0,0,0,0,0,0,0,0,0,0,0,0,0,6234,2640
"279",0,0,212162,0,0,0,0,171748,0,0,2542,0,0,130276,2422,0,0,0,18642,0,0,0,0,0,0,11878,16636,0,0,0,15972,0,0,0,0
"280",0,0,0,0,0,0,0,4046,4194,0,0,0,0,1342,0,492,246,20870,5048,12468,0,0,0,0,370,0,0,2542,22720,0,5114,4044,3950,0,0
"281",0,0,0,0,0,0,0,494,0,0,0,0,40242,21154,10638,0,0,0,0,0,0,0,19204,16616,0,0,19764,47386,26582,10994,0,0,0,0,0
"282",0,0,41264,0,958,0,0,446,0,0,0,3288,0,0,802,0,0,0,0,0,0,0,5116,0,0,0,0,0,0,0,0,8676,0,0,0
"283",0,0,0,15798,956,0,0,0,0,0,10370,0,0,0,0,0,11516,21810,0,22334,10014,15108,0,0,0,0,0,22430,0,0,0,0,0,0,0
"284",0,0,0,0,0,116,0,88,0,206,2878,0,0,0,2938,3696,0,1196,3022,0,1696,0,2398,0,0,0,7584,0,0,0,0,0,0,0,0
"285",0,832,1132,0,6392,1316,0,0,22456,296,0,10552,0,0,0,0,0,0,8968,0,1602,0,0,152,0,1932,2686,0,0,27802,0,9380,49434,0,0
"286",0,790,3220,0,0,0,0,1108,0,0,20490,0,0,0,0,0,0,0,0,0,0,0,0,0,0,54292,0,21524,0,0,0,0,0,0,5056
"287",0,0,0,0,0,0,0,0,0,7132,0,0,2972,56,0,0,0,0,0,0,0,0,0,0,0,2254,1104,0,0,0,0,0,0,0,0
"288",0,0,0,0,0,3126,0,23768,988,0,0,100936,0,0,0,0,0,0,0,0,0,17884,0,0,0,0,91710,0,0,28854,2212,0,6296,0,0
"289",15160,9906,17732,66,73586,5760,0,44072,498,58026,11046,7172,6252,28258,9434,14550,43624,40728,0,20168,44012,0,28822,35322,517648,10672,60684,20252,22490,0,4572,0,450,28824,14354
"290",0,1046,0,0,0,199536,0,0,0,0,0,0,0,0,0,0,0,0,0,75552,0,0,0,0,0,0,124402,13738,125780,0,0,0,0,3222,13642
"291",0,0,0,0,2164,1566,474,0,0,0,0,0,0,0,0,0,0,0,0,0,0,0,0,0,0,0,0,0,2316,0,0,4090,0,132,0
"292",0,0,0,0,0,0,0,0,0,0,43864,0,0,0,0,0,0,0,0,0,9426,0,44214,0,0,0,0,0,0,0,99641.9999999999,0,0,0,0
"293",2740,0,0,0,0,0,654,0,0,0,8450,0,0,0,0,7392,0,0,26676,0,0,1650,0,0,0,478,0,0,0,0,0,0,0,464,0
"294",0,0,0,45278,0,0,93252,4074,25250,0,0,12144,0,0,3330,0,0,0,12668,4938,0,0,1246,23122,0,0,45922,0,0,0,0,0,0,0,0
"295",0,0,0,0,7932,0,0,0,36864,0,0,0,0,0,492266,0,659062,0,0,0,0,0,0,0,0,0,0,0,0,0,0,0,7944,0,39042
"296",0,0,0,0,0,0,0,3890,0,0,0,0,0,0,0,0,23404,0,0,0,0,0,0,0,0,23542,0,0,0,0,0,0,0,0,0
"297",7040,4080,4116,0,0,16896,0,0,0,0,0,6186,0,1886,0,2032,10334,14892,0,0,0,1778,0,0,0,11232,0,0,0,0,1450,0,66,27932,0
"298",0,0,0,0,0,0,0,82036,6982,0,0,0,0,0,0,0,0,1057440,0,0,0,0,5220,0,0,0,0,273716,0,0,0,414442,0,0,0
"299",0,0,0,0,0,0,0,0,0,0,0,0,0,0,0,0,277792,0,0,5988,0,198336,0,0,0,0,0,150988,0,0,0,0,0,175824,0
"300",0,0,0,37006,0,0,0,0,0,0,0,0,0,0,0,0,0,0,0,0,0,0,23946,0,5152,0,0,2982,0,0,68198.0000000001,0,13708,0,0
"301",754,0,0,0,0,0,0,0,0,0,0,0,0,0,0,0,0,0,0,0,0,0,0,0,0,0,0,0,29714,0,0,0,1226,0,904
"302",0,0,0,0,0,0,0,13386,0,1346,28464,0,0,0,0,0,0,0,0,0,0,0,0,0,0,0,0,0,0,12784,0,0,0,0,0
"303",0,0,0,3822,13400,0,0,2822,0,0,0,0,0,0,0,0,0,0,0,4746,0,0,0,0,0,0,30600,0,0,0,0,0,0,16592,86419.9999999999
"304",0,4984,7886,0,0,0,0,0,404,0,0,382,0,1334,0,0,4460,0,0,0,0,0,6026,0,0,0,0,2042,24374,0,0,1214,0,0,0
"305",0,0,0,0,196,0,0,16358,0,0,5820,0,0,0,7540,0,0,0,0,0,0,0,0,0,0,0,0,1860,0,0,9828,0,0,0,0
"306",0,0,0,0,0,0,9314,0,0,0,0,0,0,0,0,3294,0,0,5668,0,478,0,0,16636,0,0,0,0,0,0,0,0,0,0,0
"307",0,0,0,0,27926,0,0,0,12934,0,5918,2386,0,0,0,0,0,0,0,0,0,27646,0,0,0,0,0,0,0,0,31532,0,0,32284,0
"308",0,0,252,0,0,0,16606,0,7820,0,0,0,0,0,0,0,0,0,0,0,0,0,4818,0,1220,0,0,0,11418,0,3746,0,0,0,2088
"309",0,0,0,0,0,0,1204,0,0,0,87176,0,0,0,0,0,0,0,81875.9999999999,13196,0,0,0,0,0,167788,0,10548,0,0,31710,0,7000,0,0
"310",0,14746,0,0,0,0,0,0,0,0,0,0,0,0,0,4970,0,0,0,0,0,0,0,0,0,0,0,26688,0,28048,10576,0,0,0,0
"311",0,0,0,0,10786,0,0,0,0,10254,53136,0,0,0,0,0,0,0,0,0,0,0,0,0,0,0,0,17146,580,0,0,0,0,73500,0
"312",1634,1046,0,1696,0,1988,0,0,0,0,0,54,0,0,906,0,0,344,0,194,0,0,0,54,0,0,400,0,0,0,0,0,492,0,0
"313",17370,0,550,0,0,0,0,5120,13910,0,0,0,0,0,0,0,0,0,0,258,0,0,5254,0,1404,0,0,0,0,0,0,0,0,0,0
"314",0,0,0,0,0,0,0,0,0,5194,0,0,0,0,0,0,0,0,0,0,0,0,0,0,0,0,0,0,0,0,0,0,0,0,0
"315",0,1536204,0,0,0,0,0,0,122240,21976,0,0,0,973799.999999999,0,0,23112,125902,0,19512,0,0,0,96896,364468,0,310070,0,0,18464,0,538766,0,830826,0
"316",0,0,171522,0,0,0,0,0,0,7186,0,0,0,0,0,0,0,46174,0,0,0,33506,0,0,9922,0,0,0,0,51736,0,2196,0,6634,0
"317",2280,0,0,0,0,0,0,0,0,0,0,0,0,0,0,0,0,5092,0,898,0,0,0,0,0,0,0,0,0,0,0,0,0,0,0
"318",3764,2010,0,0,0,984,0,408,0,0,0,0,0,0,0,0,0,0,0,5320,0,0,0,6118,0,0,0,202,0,0,0,0,0,4678,0
"319",0,0,28856,26192,0,0,556,0,0,0,0,0,0,0,0,0,0,0,0,0,4752,0,0,0,0,0,0,0,0,1398,0,47274,0,0,0
"320",0,0,60,0,0,276,0,0,0,5314,0,0,0,0,0,0,0,0,0,820,0,0,0,0,0,0,0,0,0,602,122,6306,0,1012,0
"321",0,0,0,4194,0,0,0,4126,0,0,0,0,1960,0,92633.9999999999,0,0,0,0,0,0,0,0,0,0,16120,0,0,68571.9999999999,0,12630,0,8032,0,0
"322",1618,0,0,0,0,0,0,0,0,0,0,654,0,0,0,8412,0,0,0,0,4098,0,0,0,0,0,1534,0,0,0,2660,2818,0,0,0
"323",3218,0,0,0,0,0,0,0,0,0,0,0,0,0,0,0,0,0,0,0,0,0,0,0,0,0,0,0,0,0,0,226,524,0,0
"324",0,22244,0,0,0,0,0,0,0,174378,0,0,0,0,0,0,0,87875.9999999999,32728,0,19266,0,0,86487.9999999999,0,46150,0,0,931394,395432,98010,0,0,0,36810
"325",0,1182,0,0,0,0,0,0,0,0,0,0,0,0,0,212,0,0,0,0,0,1176,0,0,162,0,0,0,0,0,0,0,0,826,0
"326",0,0,0,0,0,0,0,0,0,308978,0,183178,0,0,0,15070,0,2968,0,0,100838,0,23490,29322,0,0,0,0,0,0,0,0,0,1846,0
"327",0,0,0,280388,0,0,0,0,0,50916,0,0,0,0,0,0,6414,1424,0,173482,0,0,0,0,0,0,255190,0,0,28328,0,0,217206,0,0
"328",0,0,618494,0,0,32688,23310,19786,207520,0,0,545044,0,0,0,27416,0,0,0,0,0,0,10424,0,0,0,0,0,0,0,0,0,0,0,0
"329",0,0,0,0,0,0,0,7482,0,0,0,6074,0,3800,0,0,0,0,0,1782,938,0,0,1580,0,234,10398,2016,0,10876,546,0,0,1252,1726
"330",0,0,50778,0,8422,0,81565.9999999999,0,0,0,0,0,0,0,8836,0,0,2482,0,0,0,0,0,0,0,0,0,0,0,0,0,0,0,0,0
"331",0,0,0,0,5314,465022,0,0,0,0,0,0,11140,0,0,0,29960,0,0,263354,0,0,13296,0,0,0,0,0,0,0,0,0,845500,0,0
"332",0,0,0,0,0,70602,0,0,0,0,0,0,0,0,460060,0,1492,0,0,0,7110,7984,0,0,0,0,0,0,0,11380,0,0,0,123598,0
"333",0,766,0,420,0,0,0,0,0,0,0,0,0,0,0,0,0,0,0,0,0,434,3094,0,0,734,0,0,2256,0,0,0,0,0,0
"334",0,0,64726,0,62778,0,0,2002,0,0,58,0,62803.9999999999,14290,27360,6154,0,0,0,0,0,0,0,0,0,0,0,0,0,25970,0,0,213860,0,0
"335",222,3214,6836,0,712,0,0,0,4814,74,0,74,10478,0,860,2892,2336,1176,818,0,372,7712,1490,12666,2744,15386,0,6326,4234,1850,0,0,9220,0,6506
"336",13778,0,0,0,0,0,0,35156,0,169150,15906,0,0,0,0,0,0,0,0,0,9890,0,0,0,23178,6596,1170,0,0,0,0,0,0,0,0
"337",0,0,0,0,20888,0,0,0,0,0,0,0,0,0,0,0,0,0,0,0,0,1896,0,0,0,0,0,0,0,830,0,326,0,2444,3640
"338",7406,0,0,0,0,0,6788,0,0,0,5504,0,0,0,1982,0,0,0,0,4580,0,15862,0,0,0,0,0,0,634134,0,0,0,0,10368,0
"339",0,0,0,0,0,0,0,0,0,3780,2838,0,0,0,0,0,0,0,0,0,18094,16858,0,0,0,0,0,84393.9999999999,0,0,0,16302,0,0,0
"340",0,4024,117250,0,0,53814,0,82638,0,0,0,0,0,0,0,0,0,0,3550,0,0,0,0,0,0,0,125872,0,0,129292,217868,55772,703517.999999999,174692,0
"341",0,0,0,0,26984,0,0,43916,0,0,0,44642,0,0,236426,0,26984,1640,38276,25526,0,2522,0,9892,0,0,30108,0,28084,0,79116.0000000001,36146,0,0,0
"342",3924866,0,0,0,0,7632,10892,0,0,7212,0,0,6164,0,0,0,0,28382,0,0,0,0,0,0,0,0,0,2868,0,1668,0,554,1696,0,0
"343",0,0,330,0,262,0,0,0,0,0,0,0,0,0,1040,0,14114,500,0,0,0,2390,0,0,2454,0,0,0,0,0,1832,0,4088,0,0
"344",0,0,0,0,0,0,0,0,0,0,0,0,0,1974,0,0,0,0,7930,770,0,0,0,0,0,0,0,0,0,0,0,0,1214,0,0
"345",0,0,0,0,0,2560,0,0,0,0,0,0,0,0,0,3076,0,2946,0,0,0,0,0,0,0,0,0,0,0,0,2500,0,0,0,1458
"346",20518,0,15144,0,0,0,0,0,0,0,0,0,0,0,0,9528,0,0,0,0,0,0,0,0,0,0,3498,0,0,0,0,0,636,0,0
"347",10478,0,5658,0,15946,18466,3428,4542,0,0,1910,5068,0,0,23222,3308,0,4022,0,0,0,0,0,0,0,0,21666,0,234,0,0,0,392,0,0
"348",0,0,0,0,0,0,0,0,0,0,0,0,16456,0,0,0,2160,0,0,0,0,0,0,0,1512,0,0,0,0,0,0,0,0,4178,0
"349",0,0,0,0,0,100,0,1428,0,0,2018,0,0,5866,0,0,0,0,0,0,0,0,0,4700,0,0,0,1594,1178,14112,0,0,0,0,0
"350",0,36054,0,94386.0000000001,396448,0,6992,3276,0,0,0,0,0,0,0,39714,87133.9999999999,0,0,0,37890,0,16776,0,0,0,46678,0,36932,0,0,96435.9999999999,0,0,0
"351",0,0,0,0,0,0,0,0,1144,0,0,0,0,0,0,0,0,0,0,0,0,0,0,63304,0,0,1650,0,0,0,0,6508,0,0,0
"352",0,4630,0,0,0,0,0,0,0,0,0,0,0,3792,0,0,8846,10320,0,0,0,0,0,0,15326,0,0,0,672,10320,0,0,0,57932.0000000001,0
"353",0,1508,0,0,0,0,0,6816,0,0,0,0,0,0,5164,0,0,0,42,0,0,2408,0,0,0,0,0,0,0,0,0,0,2012,0,0
"354",314,8526,0,0,7306,0,0,4542,0,3474,956,0,2710,0,3354,5032,3218,0,1746,4108,1818,1898,0,3076,0,0,0,0,0,0,0,0,0,0,62
"355",0,0,0,8324,0,0,0,2932,0,1456,0,0,0,0,0,0,0,0,0,0,0,0,0,0,0,0,0,0,0,9210,0,0,700,0,0
"356",0,0,0,0,0,0,0,3656,0,0,172,0,0,0,1272,0,0,0,0,0,0,0,6468,0,0,0,0,0,5258,0,0,0,0,0,6550
"357",0,0,514608,0,0,0,0,0,1056,0,0,0,0,0,0,0,0,0,0,0,0,0,0,79766,350,0,5284,0,0,0,0,0,0,18506,0
"358",0,0,0,3230,0,26,0,0,0,578,0,0,0,584,0,0,268,0,0,0,0,0,604,0,0,0,0,0,0,0,2094,0,0,0,0
"359",1872,11610,0,53936,0,84530.0000000001,2066,0,0,0,0,0,0,0,4386,0,0,86262,108960,0,0,41578,0,0,0,0,0,0,0,0,0,0,2352,0,0
"360",928,0,0,0,0,0,0,314,0,0,444,0,0,0,0,1646,0,0,0,0,0,986,0,0,0,0,0,0,1990,0,0,0,0,442,316
"361",0,0,0,0,0,0,0,0,0,0,0,0,0,0,0,0,0,0,0,0,0,0,0,0,0,0,0,8482,0,14148,1220,0,0,0,0
"362",0,0,140,0,0,0,11552,0,0,0,78447.9999999999,4608,610,0,3710,0,12390,0,3876,31674,0,5946,5674,1504,11862,2120,6480,2640,9932,138,0,0,0,0,408
"363",0,0,0,0,78240.0000000001,42194,21128,0,0,0,49446,0,0,0,0,48960,0,0,0,51502,0,0,0,0,0,0,0,0,0,0,2384,0,24300,0,9042
"364",0,0,0,0,0,3006,0,0,0,0,6436,0,0,0,5576,0,0,0,0,88758,0,450,5748,0,450,0,0,0,0,0,0,130,0,1190,0
"365",18378,0,0,14536,4894,30984,846,1156,1830,5284,1174,1070,260,4172,0,794,66,18616,2404,5818,0,2232,13004,17630,0,0,2738,598,0,1602,0,18470,1334,14538,17000
"366",0,0,0,340,0,15496,0,0,0,0,0,0,0,0,0,9102,0,0,0,0,0,0,0,0,172,0,1684,0,0,0,0,0,0,0,18268
"367",0,0,0,0,4614,636,0,554,0,0,0,0,0,55982.0000000001,0,0,6588,0,0,0,0,0,0,66581.9999999999,0,0,304,0,0,0,0,0,0,0,0
"368",0,55014,0,0,0,0,0,0,0,0,0,0,0,0,0,2090,2076,40212,0,0,0,0,7484,0,43066,0,0,0,0,22128,0,3268,0,0,0
"369",0,0,0,0,350040,0,0,0,220274,0,0,235086,0,0,0,0,0,0,9028,11268,0,0,0,0,23616,0,0,0,0,0,0,75226.0000000001,0,0,0
"370",0,0,117496,345456,0,0,0,0,97900,0,0,0,0,0,0,0,0,0,0,0,0,0,105028,0,0,0,0,1503148,0,0,152820,0,0,0,43204
"371",0,0,28430,0,2694,0,0,3492,0,0,26332,0,0,0,0,0,3330,0,0,0,25930,0,0,0,0,0,0,0,0,0,0,0,3530,284008,0
"372",0,0,5608,0,0,13788,0,0,0,0,0,0,0,4402,0,0,2256,0,0,0,0,0,0,2256,0,0,0,1460,0,0,0,0,0,5490,0
"373",108,0,0,0,0,0,0,11680,0,7634,1830,0,0,0,0,0,4336,0,0,0,1264,0,0,0,0,4648,0,6668,0,6240,0,0,0,0,0
"374",69658,0,3776,0,72928,0,10156,72298,28684,11970,0,0,62696,7056,3236,53698,0,26376,0,4188,33158,0,2710,4326,54296.0000000001,22548,212878,59216,0,0,205252,0,0,61934,10828
"375",18036,7200,16322,763296,0,0,47838,0,109612,0,40870,0,17834,2246,236604,0,0,0,7134,28028,110498,0,4502,0,0,0,40692,0,0,0,0,0,0,8284,0
"376",0,0,0,0,0,0,75236.0000000001,0,39180,0,0,0,87651.9999999999,0,0,0,0,0,14262,0,0,80764.0000000001,0,0,0,0,3024,252962,0,0,0,0,0,0,0
"377",0,0,0,0,0,3632,0,395050,0,0,0,0,0,0,7772,0,2956,0,0,6404,0,28156,0,570826,125194,0,886,0,0,0,0,95420,0,0,0
"378",0,0,0,0,0,0,0,0,0,0,100218,15056,15042,0,0,0,1028,0,0,0,0,0,0,0,0,49834,0,47894,0,0,0,27798,0,0,0
"379",0,58536,10380,0,0,0,313290,262594,0,0,0,0,0,0,0,0,0,153186,0,0,0,0,0,0,9560,0,0,0,92114.0000000001,0,0,10454,0,0,411300
"380",0,0,195538,0,0,2909140,114712,237832,72759.9999999999,180490,0,0,0,0,0,248346,0,0,0,0,68878.0000000001,0,0,0,537106,0,0,0,0,0,74513.9999999999,609892,114678,0,0
"381",42004,1428,0,0,0,0,0,0,0,552,0,0,0,694578,0,0,0,566,0,0,3038,0,0,0,0,3660,0,0,0,0,0,0,0,0,0
"382",0,0,0,0,0,0,0,0,0,0,0,68,0,0,5572,0,0,0,0,0,0,0,0,0,0,0,0,0,0,0,3308,0,0,0,23244
"383",5126,0,16442,0,0,20418,0,0,0,7686,0,0,0,0,0,0,0,3928,0,3722,22122,0,0,0,5394,0,0,0,0,0,0,3316,0,0,16422
"384",0,0,4002,0,0,0,0,514,0,0,916,0,0,0,0,0,0,0,0,0,0,32798,0,0,0,0,0,0,0,0,30170,1452,0,10718,170
"385",80818,0,0,0,3310,0,87348,0,0,0,15040,0,21920,0,0,0,0,0,0,0,0,0,0,0,0,0,0,18614,0,0,0,0,0,0,0
"386",2052,0,51220,0,0,5902,0,29186,32914,0,0,1784,0,0,4200,0,4308,0,0,0,51880,8218,0,0,0,0,0,0,3958,74712.0000000001,0,0,18372,0,0
"387",0,0,0,0,0,0,0,0,0,0,0,59566,0,0,0,0,0,0,0,0,0,0,0,0,0,0,0,0,0,0,0,0,32112,0,0
"388",10240,0,0,0,72250,528562,0,9010,81142,0,7090,0,42,0,0,0,0,0,0,0,0,0,0,0,678010.000000001,0,0,0,0,0,0,0,0,0,0
"389",0,0,1052,12800,0,0,0,0,4964,7522,14304,59978,0,0,0,0,4634,0,0,0,14532,0,0,0,0,0,0,3020,0,69684,0,0,0,0,0
"390",0,0,0,3468,0,0,0,0,0,0,0,0,840,0,0,0,0,0,66,224,0,0,0,0,0,760,0,0,0,0,0,0,0,0,0
"391",0,0,0,4406,42378,0,0,0,0,0,0,0,0,0,0,0,19842,0,0,0,0,6908,4302,0,47672,0,0,0,0,0,0,0,0,0,4318
"392",0,16240,0,54740,5038,62988.0000000001,5480,56953.9999999999,0,72562,394,64998,5024,0,2636,6184,0,0,189814,4558,0,32542,69580,12790,0,9502,1126,6492,172,70631.9999999999,6596,31538,2160,0,1038
"393",79950.0000000001,0,0,0,0,13960,0,0,0,0,0,0,0,0,0,208,0,0,0,0,0,0,5898,0,0,22122,0,0,0,0,32282,1134,0,0,0
"394",0,18874,0,0,0,0,0,0,0,0,6332,7420,0,0,0,0,0,0,0,0,29360,0,3356,630,0,484,0,0,0,147238,0,0,16322,6766,373272
"395",0,0,0,367760,0,0,406,0,0,0,0,0,0,0,0,0,139212,0,0,0,39154,0,0,365416,0,0,2452,0,119408,0,634922,0,0,0,59180
"396",0,0,37210,0,0,0,0,530800,0,12704,0,0,0,0,0,0,0,7656,42564,0,0,0,0,0,0,0,0,12436,0,534208,0,3038,0,0,143426
"397",0,9528,0,0,0,0,0,0,7838,0,0,0,0,9678,0,0,0,0,0,0,0,0,0,0,0,14028,0,0,0,0,0,0,0,0,0
"398",39038,1638,9720,13990,16210,0,4956,1288,0,38844,39202,2376,7380,0,0,0,81433.9999999999,161426,252,27250,12646,26428,31500,35758,53728,88168,6792,6566,14882,16860,1156,0,125088,15960,434
"399",39210,2688,0,0,0,0,0,7058,0,33888,144146,11084,0,0,58392,0,0,173150,4494,91098,68233.9999999999,2534,0,2770,35270,4276,35986,0,0,0,140420,0,0,30746,7660
"400",0,0,0,0,0,0,20156,266,0,0,0,0,4738,9634,0,0,0,0,0,0,0,0,3744,0,0,66,0,0,0,0,0,0,0,0,0
"401",0,0,0,0,0,0,0,0,0,22932,0,0,0,0,0,0,0,0,0,5450,0,0,25342,0,0,0,0,5362,0,0,0,0,22664,0,0
"402",0,0,21816,80467.9999999999,0,0,0,55696.0000000001,44696,0,12690,0,50354,10976,3194,0,34208,0,42232,0,0,0,0,0,0,0,0,11862,75942,12520,0,0,0,35846,0
"403",33910,5298,5132,0,402,16420,24488,0,0,0,2614,0,0,0,1258,0,14508,5064,0,4310,0,0,2000,0,0,0,0,0,0,0,2660,0,0,6258,0
"404",0,0,0,0,0,0,0,0,0,0,25848,0,0,0,0,0,0,10218,0,0,1566,0,2070,0,0,1516,0,0,0,0,0,2724,0,0,0
"405",35802,0,18348,0,0,0,0,0,0,0,0,0,46090,0,0,0,0,89459.9999999999,0,0,0,0,0,0,0,0,0,0,0,0,0,0,0,0,10694
"406",0,0,0,9812,0,0,46416,280,12404,0,0,0,21228,11986,43808,0,4458,562,0,67450,0,6648,0,0,0,18742,0,5954,0,5118,486,734,0,2066,69976
"407",0,0,0,280,0,2316,0,0,0,0,430,0,0,0,0,0,0,340,890,0,0,0,0,0,0,10988,0,0,0,0,16720,6684,0,0,0
"408",8734,0,0,0,19366,23276,7400,8788,2294,414,3664,6384,0,0,28792,0,0,0,11922,0,4948,0,259386,0,7554,86534,15728,278408,9556,10158,8184,75213.9999999999,6474,0,0
"409",0,0,2436,0,0,0,0,0,0,0,0,0,0,0,0,0,0,0,0,0,0,0,0,0,0,9062,0,0,0,0,0,0,0,3548,0
"410",0,901436,0,0,0,0,0,0,1188,0,3830,0,0,0,0,4420,0,0,0,0,0,0,0,0,0,0,0,0,0,25260,51124,0,0,0,0
"411",16002,0,53988.0000000001,0,0,1516,2962,734,5192,0,0,0,22758,0,25044,64132,1432,6288,0,47890,184080,0,4408,0,39404,0,0,13906,858,0,3912,39998,730,38044,40172
"412",664640,32154,0,1996,0,0,0,0,35118,0,8338,0,7064,0,0,0,0,0,13494,0,1260,2576,0,0,0,0,0,0,0,0,0,0,0,0,0
"413",0,0,0,0,0,3720,0,0,66,0,0,0,0,464,0,0,16338,0,0,0,0,0,2122,0,0,0,0,0,0,0,7640,1750,0,0,0
"414",0,0,6960,0,0,0,0,0,0,0,0,0,0,0,0,0,1472,0,0,0,0,0,4706,0,0,0,24470,13626,0,0,0,0,0,0,0
"415",0,14892,12468,15604,0,16168,46916,0,0,13886,0,0,0,8040,0,7420,41280,3772,38434,18136,0,17904,0,0,0,0,5106,0,15942,21638,0,48008,7464,0,0
"416",0,65750,2275616,0,20128,0,0,0,1840444,0,288642,321900,0,0,10938,0,0,0,0,0,0,1464020,0,0,0,0,0,0,0,0,856,0,0,1680230,134760
"417",242230,290882,0,0,0,5504,0,0,402274,0,0,428610,0,0,0,0,0,0,0,0,0,0,0,0,397516,0,0,0,0,0,0,714640,0,5584,0
"418",133406,16722,36330,43784,48408,0,0,45020,1588,2076,2640,49446,0,43794,14280,142426,57064.0000000001,78882,85548,27490,81848.0000000001,49014,2220,71486,94680,34558,0,59304,2032,50194,90340,29956,29758,84524.0000000001,72302
"419",140874,204542,0,0,0,0,0,0,0,0,0,0,0,0,0,0,9176,0,0,0,0,0,0,3554,0,4370,0,0,2708,0,0,0,0,0,0
"420",0,14624,0,0,9386,0,0,0,0,512,0,0,0,0,0,0,0,0,0,0,0,0,0,0,0,0,0,0,0,0,0,0,0,1492,0
"421",0,0,6530,95693.9999999999,0,0,95746.0000000001,3055834,0,98290,0,0,2030898,504822,0,0,499118,54450,0,224082,0,762666,0,2161422,0,0,119724,9990,487742,0,0,90414,1465006,9868,0
"422",0,73176,0,34552,6636,0,0,0,0,0,2134,0,0,5936,0,0,0,0,0,0,20366,0,0,0,0,0,0,3104,0,0,212,12280,1270,0,0
"423",0,0,3218,6262,0,0,0,0,0,0,0,0,1108,2960,0,263390,0,1290,0,0,0,1122,4482,0,0,0,34890,0,0,0,0,0,100,0,0
"424",0,0,5894,360,378,0,0,0,9722,0,2284,0,0,0,0,0,0,0,32,0,0,458,0,0,0,0,0,0,3554,0,1248,0,0,0,0
"425",0,32116,0,0,0,0,2496,0,0,0,0,0,0,0,0,0,0,0,0,0,0,0,0,3044,0,984,0,0,0,0,61100,0,0,2368,0
"426",0,194,0,0,0,28100,0,0,0,0,0,0,0,0,0,13368,0,0,288,10582,0,0,0,0,0,0,0,0,0,18860,0,1318,1406,0,0
"427",0,0,0,2010,0,0,0,0,17968,0,5542,0,0,0,7054,0,0,0,0,0,13786,0,0,4316,0,0,0,0,0,848,0,0,0,0,0
"428",148,490,0,98,0,0,0,0,7254,0,0,0,194,0,98,0,0,0,0,24,328,0,0,0,0,0,438,0,0,0,0,0,0,0,0
"429",556,0,0,0,88450,1062,704,0,0,0,17652,0,0,0,0,0,156590,0,0,0,0,0,0,1730,46054,0,0,0,0,0,0,0,65136,0,0
"430",0,0,0,0,0,0,4454,0,0,0,0,0,0,664,0,0,0,0,0,2582,0,0,0,0,0,12630,0,0,0,0,0,0,0,0,2556
"431",0,13580,14550,0,0,3362,5808,5394,1338,0,0,29830,2318,0,7580,2632,562,3498,3114,5236,0,0,0,622,0,414,3086,0,15234,115104,1372,418,0,982,5036
"432",9530,0,3808,250,0,73574,7388,988,0,122630,71366,3834,30486,3222,0,133102,129002,0,0,85430.0000000001,4094,13558,0,314,3532,12336,628,31068,0,0,0,14058,0,70000,0
"433",0,1652,55662,0,0,0,27358,0,2930,0,0,340,0,0,0,0,0,0,0,0,0,0,0,837776,0,0,0,0,695101.999999999,0,0,0,0,0,0
"434",0,0,0,0,0,39980,0,0,0,0,0,0,2102,1970,0,0,0,0,0,0,0,0,0,0,1700,0,0,0,0,0,13918,108294,0,0,0
